<?xml version="1.0" encoding="UTF-8"?>
<project-private xmlns="http://www.netbeans.org/ns/project-private/1">
    <editor-bookmarks xmlns="http://www.netbeans.org/ns/editor-bookmarks/2" lastBookmarkId="0"/>
    <open-files xmlns="http://www.netbeans.org/ns/projectui-open-files/2">
        <group>
            <file>file:/Applications/XAMPP/xamppfiles/htdocs/tender/user/tenders.php</file>
            <file>file:/Applications/XAMPP/xamppfiles/htdocs/tender/admin/viewTenders.php</file>
            <file>file:/Applications/XAMPP/xamppfiles/htdocs/tender/user/css/style.css</file>
            <file>file:/Applications/XAMPP/xamppfiles/htdocs/tender/admin/generateTender.php</file>
            <file>file:/Applications/XAMPP/xamppfiles/htdocs/tender/admin/viewBiddings.php</file>
            <file>file:/Applications/XAMPP/xamppfiles/htdocs/tender/user/sessionTimeout.php</file>
            <file>file:/Applications/XAMPP/xamppfiles/htdocs/tender/user/usermainpage.php</file>
            <file>file:/Applications/XAMPP/xamppfiles/htdocs/tender/admin/tendertracking.php</file>
        </group>
    </open-files>
</project-private>
